country_code,country,year,inflation,gfcf,gov_exp,life_expectancy,gdp_per_capita
MKD,North Macedonia,YR2002,2.31459794083219,21.4219142164351,8.64087963104248,73.0390243902439,6519.18922231312
GBR,United Kingdom,YR2005,2.0891364902507,17.5910760257916,13.3879680633545,79.0487804878049,32726.1331883772
UKR,Ukraine,YR2005,13.5695764909248,21.8700049199147,13.7283248901367,67.9568292682927,7214.11181640625
CHE,Switzerland,YR2005,1.17195420333703,27.2629980573135,15.1917314529419,81.2365853658537,41524.8488732932
SWE,Sweden,YR2005,0.453170852576182,22.4115643183326,12.6949138641357,80.5463414634146,34244.4650156257
ESP,Spain,YR2005,3.36881409750383,29.0115888487389,10.4052257537842,80.1707317073171,27606.9340516269
SVN,Slovenia,YR2005,2.45150132316475,26.5929491350818,14.0315799713135,77.6121951219512,23852.6430383942
SVK,Slovak Republic,YR2005,2.70908494588384,26.2011469236098,9.77882766723633,73.9048780487805,16639.3941239799
RUS,Russian Federation,YR2005,12.685303950735,17.7553986041778,11.2215156555176,65.529756097561,11822.3466796875
ROU,Romania,YR2005,9.01491283343835,23.3629492100554,10.8933877944946,71.9121951219512,9602.10475909396
PRT,Portugal,YR2005,2.27716394887834,23.1265756274961,14.2934398651123,78.0707317073171,22725.2774946084
POL,Poland,YR2005,2.18379872390258,18.8930168697566,13.7390213012695,74.9951219512195,13896.7933802514
NOR,Norway,YR2005,1.53213367609254,20.2992232993179,12.2606573104858,80.0414634146342,47966.8640112608
NLD,Netherlands,YR2005,1.68813017869623,20.4134090178858,12.1407403945923,79.3463414634146,37625.5617084958
MDA,Moldova,YR2005,11.9591837222126,24.5881546796983,19.5349559783936,68.169,4865.37378094962
MLT,Malta,YR2005,3.00796652450313,22.8366869556788,12.706337928772,79.3,22306.5911690754
LUX,Luxembourg,YR2005,2.48769665164088,19.3477913830151,11.186240196228,79.4317073170732,68787.8547494266
LTU,Lithuania,YR2005,2.65848484065262,23.4099047932635,18.2094573974609,71.2536585365854,14510.5967849364
LVA,Latvia,YR2005,6.74845027893112,31.0155845144441,15.2358856201172,71.3560975609756,13913.8517478568
ITA,Italy,YR2005,1.9852929852798,21.2816542297842,9.4085693359375,80.7829268292683,30130.6444569128
IRL,Ireland,YR2005,2.42969198392957,29.8289266430491,12.4351167678833,78.9439024390244,40466.2343515711
ISL,Iceland,YR2005,3.98704782806593,29.6081576738567,17.339469909668,81.5024390243902,37322.7399272793
HUN,Hungary,YR2005,3.56151711378352,23.8339327441342,12.1468019485474,72.6487804878049,17108.3405820025
GRC,Greece,YR2005,3.54507273335078,20.8289512320054,9.24479007720947,79.2390243902439,25577.5241052346
DEU,Germany,YR2005,1.54691114751328,19.0766985242384,8.78028964996338,78.9317073170732,31794.0960095207
GEO,Georgia,YR2005,8.24709043114158,28.7869270022115,10.9017448425293,71.13,5174.30883005271
FRA,France,YR2005,1.74586936380482,21.7973786811861,10.3551263809204,80.1634146341463,30494.2141075076
FIN,Finland,YR2005,0.623874450025191,22.9180202444637,12.4618701934814,78.8170731707317,32051.7940038456
EST,Estonia,YR2005,4.07971423199849,32.8627282961615,17.5179996490479,72.5682926829268,16634.8927393745
DNK,Denmark,YR2005,1.81781458291254,21.1733752046214,12.4436130523682,77.8439024390244,34150.1594558945
CZE,Czechia,YR2005,1.8570978910922,28.7884621413251,11.2287092208862,75.9243902439025,22095.3878539836
CYP,Cyprus,YR2005,2.56016132330231,21.5264885234457,14.4089345932007,78.101,27763.154296875
HRV,Croatia,YR2005,3.31717824448045,25.1760434258915,11.7812232971191,75.2446341463415,15455.1206240928
BGR,Bulgaria,YR2005,5.03883807111902,25.6651645226304,11.2711486816406,72.5609756097561,10291.4238650414
BEL,Belgium,YR2005,2.78143263670022,22.1538935922611,10.9779834747314,78.9804878048781,33177.8909458158
BLR,Belarus,YR2005,10.3388794457932,26.5166266823018,14.2633962631226,68.8512195121951,9647.12117983096
AUT,Austria,YR2005,2.29913785639285,23.0521157470689,9.39920520782471,79.3317073170732,35013.7140443423
GBR,United Kingdom,YR2006,2.4556616643929,17.8282761722184,13.7800807952881,79.2487804878049,34734.8160246415
UKR,Ukraine,YR2006,9.05252491133248,24.3894884764733,13.6871948242188,68.0775609756098,8054.0400390625
CHE,Switzerland,YR2006,1.05950928324802,27.0602553682072,15.4210720062256,81.490243902439,46275.5494842863
SWE,Sweden,YR2006,1.3602146862768,23.2293760899622,12.7659597396851,80.7487804878049,37729.9277124771
ESP,Spain,YR2006,3.51557576832128,30.0273056106505,10.4370346069336,80.8219512195122,30720.0135089141
SVN,Slovenia,YR2006,2.45792444195865,27.7455461953844,13.940541267395,78.0865853658537,25720.2808067434
SVK,Slovak Republic,YR2006,4.48333120449611,25.5776020567259,10.0411043167114,74.2048780487805,18913.9256485084
RUS,Russian Federation,YR2006,9.66865454789263,18.5034095135383,12.1500587463379,66.7275609756098,14912.234375
ROU,Romania,YR2006,6.55851412276983,26.6161477360716,11.6164827346802,72.1634146341463,11556.6242467632
PRT,Portugal,YR2006,3.1076654587105,22.5328535552248,14.1532611846924,78.419512195122,24682.5646236933
POL,Poland,YR2006,1.28469394366408,20.4049630130415,13.3620262145996,75.1439024390244,15152.2460110485
NOR,Norway,YR2006,2.32934980757544,20.8689402666492,11.939603805542,80.3439024390244,54369.1766461345
NLD,Netherlands,YR2006,1.10150106517702,21.0409445963192,11.9854497909546,79.6975609756098,41013.5514436649
MDA,Moldova,YR2006,12.777755783035,28.3583478571748,19.9711990356445,68.479,5270.8714784317
MLT,Malta,YR2006,2.77378006481472,22.4781713860736,12.9203777313232,79.4390243902439,23320.8951182022
LUX,Luxembourg,YR2006,2.66631494577069,18.2150542888824,11.2557678222656,79.2878048780488,78878.0275161487
LTU,Lithuania,YR2006,3.73912004060664,25.9544567103105,15.6859064102173,71.0560975609756,16483.8503582706
LVA,Latvia,YR2006,6.53619908765877,33.8555006375299,15.360034942627,70.8658536585366,15859.3153882025
ITA,Italy,YR2006,2.09084391012754,21.5803728092491,9.15353393554688,81.2829268292683,32453.3865046094
IRL,Ireland,YR2006,3.9316398954053,30.9866916342227,11.9533157348633,79.2414634146342,44232.1017485574
HUN,Hungary,YR2006,3.93032603841001,23.4922321493962,11.5181198120117,73.0975609756098,18383.6322203338
GRC,Greece,YR2006,3.19594684144545,23.6858746926856,8.08978462219238,79.4390243902439,28548.9868272572
DEU,Germany,YR2006,1.57742642840563,19.8028996930921,8.90677928924561,79.1317073170732,34160.1031115569
GEO,Georgia,YR2006,9.16096508394497,26.2133880593768,11.9610452651978,71.394,5869.68743175716
FRA,France,YR2006,1.67512449608723,22.4507629517285,10.3564348220825,80.8121951219512,32464.8468361788
FIN,Finland,YR2006,1.56666380704386,22.7638420562531,12.4433355331421,79.2146341463415,34454.8883772759
DNK,Denmark,YR2006,1.92422138464594,23.2727181188088,12.424934387207,78.0951219512195,37334.1604013286
CZE,Czechia,YR2006,2.53399258343635,28.4436943640978,11.8212118148804,76.5243902439024,23923.5545114315
CYP,Cyprus,YR2006,2.30468732978557,25.0777530375278,14.4986753463745,78.371,30015.3125
HRV,Croatia,YR2006,3.18982591472949,26.2904389253956,11.1515274047852,75.8368292682927,17639.0008716512
BGR,Bulgaria,YR2006,7.26159462769944,27.4377450593783,10.7262678146362,72.6121951219512,11408.088727793
BEL,Belgium,YR2006,1.7912077007046,22.3254390645591,11.5367441177368,79.380487804878,35258.985063203
BLR,Belarus,YR2006,6.99712903535587,29.6607667755813,14.2933788299561,69.4048780487805,11006.4559016421
AUT,Austria,YR2006,1.4415485111902,22.6007558309184,9.53390502929688,79.8804878048781,37661.922416092
GBR,United Kingdom,YR2007,2.38656150773327,18.1470468466054,13.8071508407593,79.4487804878049,35523.3115876502
UKR,Ukraine,YR2007,12.8387796190181,27.1194744816311,14.0139408111572,68.2221951219512,9004.8798828125
CHE,Switzerland,YR2007,0.732350603122248,27.2072576671874,15.2347688674927,81.7414634146342,50929.4927044896
SWE,Sweden,YR2007,2.21216883436735,24.1664703979607,12.6937437057495,80.9,40914.4373702881
ESP,Spain,YR2007,2.78679745804946,29.8622365158307,10.3825521469116,80.8731707317073,32476.891305261
SVN,Slovenia,YR2007,3.65749563284099,28.6512341412834,13.5291805267334,78.5609756097561,27576.4009734701
SVK,Slovak Republic,YR2007,2.7567237163814,25.4273506573875,10.0337495803833,74.2073170731707,21227.2102589983
SRB,Serbia,YR2007,6.39170644391413,23.7695767636598,9.97663974761963,73.6317073170732,11238.7697926504
PRT,Portugal,YR2007,2.45396528138743,22.5096224343179,13.308819770813,78.3219512195122,25738.9369093531
POL,Poland,YR2007,2.45874312385402,22.4651960239426,13.2720899581909,75.2439024390244,16806.6504336854
NOR,Norway,YR2007,0.712589073634201,23.4914035999041,11.6383047103882,80.3951219512195,56181.3045666857
NLD,Netherlands,YR2007,1.61385859802103,23.2934412196973,12.047568321228,80.0975609756098,43949.1593312246
MDA,Moldova,YR2007,12.3671668414302,34.103911660116,19.0738315582275,68.947,5588.65267845784
MLT,Malta,YR2007,1.24921923797629,22.948663131537,12.706672668457,79.7926829268293,25064.8292465762
LUX,Luxembourg,YR2007,2.31245861786127,18.9176381438526,11.448784828186,79.3829268292683,85129.1888169612
LTU,Lithuania,YR2007,5.73717382799842,28.6050441382694,14.1359329223633,70.9,19098.8653406362
ITA,Italy,YR2007,1.82974112202403,21.6605572887168,9.45093727111816,81.4341463414634,34148.9640009724
IRL,Ireland,YR2007,4.89711564381345,28.7070824533303,12.1383266448975,79.6414634146341,46784.0861335365
ISL,Iceland,YR2007,5.05155736492146,29.4240778958138,16.6126117706299,81.4536585365854,41472.8449350184
HUN,Hungary,YR2007,7.9587451654491,23.6926430211168,11.0570459365845,73.1512195121951,19098.6263069875
GRC,Greece,YR2007,2.89500321516578,26.0118506492327,7.63677549362183,79.4390243902439,29326.9196613786
DEU,Germany,YR2007,2.29834400700951,20.0565301754316,9.04431533813477,79.5341463414634,36295.7184317891
GEO,Georgia,YR2007,9.24489745592404,26.3790323529758,9.31300830841064,71.568,6822.11118053641
FRA,France,YR2007,1.4879980595386,23.1826657600857,10.0942478179932,81.1121951219512,34126.125037055
FIN,Finland,YR2007,2.5106656524034,24.1954969209716,12.4147138595581,79.2634146341464,37846.9232155282
DNK,Denmark,YR2007,1.69326586220315,23.5134016775694,11.9803829193115,78.1951219512195,39015.0593398184
CZE,Czechia,YR2007,2.85312437211175,29.9332328548558,10.6711826324463,76.7243902439025,26288.3452634628
CYP,Cyprus,YR2007,2.37265183669719,25.5480102622385,14.7981653213501,78.81,32888.99609375
HRV,Croatia,YR2007,2.89928275583388,26.4858662262143,10.914288520813,75.7056097560976,19577.9116242635
BGR,Bulgaria,YR2007,8.40253419005901,28.2888035887462,9.52760219573975,72.6634146341463,12822.2664644766
BEL,Belgium,YR2007,1.82305630026808,23.2930144412895,11.3690233230591,79.7829268292683,36799.5318686343
BLR,Belarus,YR2007,8.42675273505308,31.3763246755786,13.091724395752,70.2073170731707,12332.5029152685
AUT,Austria,YR2007,2.16855528800749,22.9170276835207,9.52635955810547,80.1804878048781,39439.6039049819
GBR,United Kingdom,YR2008,3.52140856342539,17.6488453815261,13.0426292419434,79.6,36744.7913584035
UKR,Ukraine,YR2008,25.226461707384,25.9064470907401,14.1389856338501,68.2514634146342,9434.435546875
TUR,Turkiye,YR2008,10.4441283764885,26.6515275529111,9.73683452606201,74.45,16038.2956212622
CHE,Switzerland,YR2008,2.42604117060158,26.7342723602729,15.2296237945557,81.9926829268293,53808.7841127066
SWE,Sweden,YR2008,3.43704910602874,24.5463627697008,12.793719291687,81.1,42158.2956995539
ESP,Spain,YR2008,4.07534335957339,27.8364657096944,10.3598051071167,81.1756097560976,33263.2723985249
SVN,Slovenia,YR2008,5.64742380573935,29.4429676679912,13.404333114624,78.7658536585366,29604.2914690241
SVK,Slovak Republic,YR2008,4.59817976325028,24.7506733217735,9.9616641998291,74.7048780487805,23725.8577558996
RUS,Russian Federation,YR2008,14.1107677840443,22.2904610725417,9.31381320953369,67.9492682926829,20163.609375
PRT,Portugal,YR2008,2.58850657657959,22.8522358901842,13.272910118103,78.5243902439025,26665.8372952939
POL,Poland,YR2008,4.16497193524764,23.1058416843566,12.7606935501099,75.5439024390244,18303.3529197976
NOR,Norway,YR2008,3.75393081761005,22.4854555543479,11.5205039978027,80.5926829268293,62072.7539854909
NLD,Netherlands,YR2008,2.48650198289454,22.1170337361982,12.0563087463379,80.2512195121951,46420.2016795592
MDA,Moldova,YR2008,12.783047261882,33.9966625345666,19.9327144622803,69.394,6151.81355157264
MLT,Malta,YR2008,4.25862171897073,20.036864612069,12.1298894882202,79.6365853658537,26523.6201724788
LUX,Luxembourg,YR2008,3.40187963025571,20.1440835676294,11.4624090194702,80.5390243902439,90970.7211980147
LTU,Lithuania,YR2008,10.9258856241655,26.0664498943006,15.0595808029175,71.8121951219512,20721.1393319979
LVA,Latvia,YR2008,15.4023191064986,31.8609711084626,16.4017181396484,72.419512195122,19573.2574107403
ITA,Italy,YR2008,3.34783258401022,21.2778792005419,8.96302890777588,81.4853658536585,35523.2713104342
IRL,Ireland,YR2008,4.06030495117365,24.8421187310969,11.3260879516602,80.0951219512195,44169.0943411644
ISL,Iceland,YR2008,12.6943942775878,25.3671853899064,11.8554468154907,81.609756097561,43728.1140564123
HUN,Hungary,YR2008,6.0425125388106,23.3440810006802,10.8671245574951,73.7024390243903,20721.5024106144
GRC,Greece,YR2008,4.15279708110293,23.8137324378873,7.42687034606934,79.9390243902439,30856.0118395987
DEU,Germany,YR2008,2.62837981637219,20.3029660434559,8.92984580993652,79.7365853658537,37802.3874303197
GEO,Georgia,YR2008,9.99948761552747,22.0383855223356,8.87841510772705,71.332,7142.78306443797
FRA,France,YR2008,2.81286194914787,23.5961011453638,10.1141309738159,81.2146341463415,35092.6943078696
FIN,Finland,YR2008,4.06595355358379,24.4938614778782,12.1907577514648,79.5682926829268,40083.6972699668
EST,Estonia,YR2008,10.3623580313683,31.1306178625862,16.422779083252,73.7707317073171,22802.3421764634
DNK,Denmark,YR2008,3.41626794258373,22.9439447335049,12.1115255355835,78.4463414634146,41278.3268270571
CZE,Czechia,YR2008,6.35866380152373,29.2484033580188,10.5268926620483,76.9756097560976,27974.487131849
CYP,Cyprus,YR2008,4.66900841902481,27.1829734655839,15.5970468521118,78.981,34830.34765625
HRV,Croatia,YR2008,6.07696838798354,27.8362841342885,10.4034261703491,75.9121951219512,21032.9146075298
BGR,Bulgaria,YR2008,12.3487195994021,32.9796200804236,10.652626991272,72.9634146341463,14346.9411471568
BEL,Belgium,YR2008,4.48944420508401,24.1181419052712,11.2771291732788,79.6804878048781,37883.3319417819
BLR,Belarus,YR2008,14.8378764828254,33.3037472609769,12.1249322891235,70.4560975609756,13898.9996761756
AUT,Austria,YR2008,3.21595033239886,23.276465624832,9.72220516204834,80.4317073170732,41316.225176699
ALB,Albania,YR2008,3.32087090389264,33.9492974767645,10.7907085418701,77.653,8228.37543743763
GBR,United Kingdom,YR2009,1.96173173560109,16.1458985719285,13.1484518051147,80.0512195121951,35023.3323106015
UKR,Ukraine,YR2009,15.8811924594476,18.3174558256128,15.1279726028442,69.19,8093.5556640625
TUR,Turkiye,YR2009,6.25097663090626,22.2294039423981,9.72827625274658,74.765,15442.1173152348
CHE,Switzerland,YR2009,-0.480481936423275,25.2148516664776,15.2887344360352,82.0439024390244,52971.3732760585
SWE,Sweden,YR2009,-0.494460544377991,22.4937873503479,12.8022012710571,81.3512195121951,40278.2786341176
ESP,Spain,YR2009,-0.28781308353524,23.1132221040789,10.1776542663574,81.4756097560976,32091.4271030562
SVN,Slovenia,YR2009,0.839262246793887,24.1306181639809,13.4246673583984,78.9707317073171,27536.9478910312
SVK,Slovak Republic,YR2009,1.61510464058238,20.8013184197791,10.0805253982544,74.909756097561,23079.9150390979
SRB,Serbia,YR2009,8.11695092238082,18.6935180302447,10.4821796417236,73.9853658536585,12533.5677636753
RUS,Russian Federation,YR2009,11.6473295764118,21.9951347028483,10.0264291763306,68.6846341463415,19389.94140625
ROU,Romania,YR2009,5.58742004264393,25.9975806864793,9.56932735443115,73.309756097561,16631.321220525
PRT,Portugal,YR2009,-0.835530021504157,21.2015952644164,13.0202569961548,78.7268292682927,26458.1096957925
POL,Poland,YR2009,3.79539242483406,21.4434868169312,12.0212306976318,75.6951219512195,19239.3726431387
NOR,Norway,YR2009,2.19738586853574,23.153019700686,11.6466312408447,80.7951219512195,55618.6337641836
NLD,Netherlands,YR2009,1.1897768702155,21.3058661229559,11.7798805236816,80.5487804878049,44555.608135705
MDA,Moldova,YR2009,-0.0627185967108792,22.5963867530728,20.7497901916504,69.573,5827.12212091529
MLT,Malta,YR2009,2.08432746082343,18.2842738418417,12.8068704605103,80.2414634146342,26648.7530499146
LUX,Luxembourg,YR2009,0.368041997888887,18.0192474186727,11.4353742599487,80.6365853658537,86873.2562419563
LTU,Lithuania,YR2009,4.45304456518535,17.8849548918346,14.9808282852173,72.9146341463415,18116.228528997
LVA,Latvia,YR2009,3.53410672858944,22.2250327473546,14.6940021514893,73.0804878048781,17023.2975926097
ITA,Italy,YR2009,0.774768131387381,20.1105159917297,8.86478042602539,81.6365853658537,34601.9100285776
IRL,Ireland,YR2009,-4.4781033915048,21.1631245505943,10.1927270889282,80.190243902439,41469.8376556247
ISL,Iceland,YR2009,12.0031298461743,15.3320803457827,14.1029071807861,81.7512195121951,41862.9599253906
HUN,Hungary,YR2009,4.21171171171171,22.6396580552545,10.6141624450684,73.9048780487805,20722.06533653
GRC,Greece,YR2009,1.21007269197809,20.791479690243,7.63661861419678,80.1878048780488,30358.2444440508
DEU,Germany,YR2009,0.312739007368447,19.2675397529572,9.01806831359863,79.8365853658537,36814.7547339146
GEO,Georgia,YR2009,1.7275146113791,15.713332592016,8.73351955413818,71.95,6987.93651431798
FRA,France,YR2009,0.0876204781574552,22.0675038808689,9.92237758636475,81.4146341463415,34674.9978196774
FIN,Finland,YR2009,-9.17360384430342e-07,22.9549868773625,11.9996738433838,79.719512195122,37971.1688218955
EST,Estonia,YR2009,-0.0784083112809768,22.6782455184938,15.2818441390991,74.8243902439024,20477.258451618
DNK,Denmark,YR2009,1.30470991024337,20.1689001340804,12.267725944519,78.5975609756098,40330.2227131882
CZE,Czechia,YR2009,1.01937735329232,27.614811143256,10.4351472854614,77.0780487804878,27760.6949639794
CYP,Cyprus,YR2009,0.326276652249794,23.4393009062733,15.0933561325073,79.401,33883.7734375
HRV,Croatia,YR2009,2.37852845904674,24.8768882237971,10.7116813659668,76.1682926829268,20272.7431993652
BGR,Bulgaria,YR2009,2.75320223914816,27.7810139493655,10.3638000488281,73.4121951219512,14180.7101006026
BEL,Belgium,YR2009,-0.0531456741253769,22.7845014096345,11.1327447891235,80.0341463414634,37748.3994331926
AUT,Austria,YR2009,0.506308827696515,22.4130082617233,9.45856857299805,80.3317073170732,40916.9197419528
GBR,United Kingdom,YR2010,2.49265472467066,16.0572887557948,13.2431955337524,80.4024390243902,36487.6718531875
UKR,Ukraine,YR2010,9.37293105078978,18.016214744977,15.2339582443237,70.2653658536586,8559.9296875
TUR,Turkiye,YR2010,8.56644420552976,24.6354587746887,10.5881834030151,75.069,17343.6771298998
CHE,Switzerland,YR2010,0.688238707220026,25.1886290060014,15.1756076812744,82.2463414634147,54432.3330821362
SWE,Sweden,YR2010,1.15798802715628,22.4904094800146,12.7241077423096,81.4512195121951,42216.6174098932
ESP,Spain,YR2010,1.79986457728769,21.788947421901,9.9380931854248,81.6268292682927,31677.2223884807
SVN,Slovenia,YR2010,1.80117022137134,21.0815866908038,12.8887500762939,79.4219512195122,27822.0746823428
SVK,Slovak Republic,YR2010,0.957018132975143,21.0172706160887,10.7363271713257,75.1121951219512,25398.6096940969
RUS,Russian Federation,YR2010,6.84939230255067,21.6253843085054,9.77166557312012,68.8412195121951,20490.126953125
ROU,Romania,YR2010,6.09141668601891,25.6722526322958,8.2358341217041,73.4585365853659,17353.0078365874
PRT,Portugal,YR2010,1.40257289895369,20.5738214631317,12.972752571106,79.0268292682927,27257.2292078491
POL,Poland,YR2010,2.58069370250543,19.7225537658397,12.0815353393555,76.2463414634146,20887.2093679102
NOR,Norway,YR2010,2.41890639481001,20.6378334435552,11.588888168335,80.9975609756098,58219.6143463523
NLD,Netherlands,YR2010,1.27530569556683,19.6965833159936,11.7047338485718,80.7024390243902,45036.0998025999
MDA,Moldova,YR2010,7.48385086350852,22.5242792157291,22.4351692199707,69.357,6322.15823303113
MLT,Malta,YR2010,1.51563513618532,20.992562240315,13.5537691116333,81.3975609756098,28717.7846399307
LUX,Luxembourg,YR2010,2.2736791162154,16.8240877972083,11.9787559509277,80.6317073170732,90346.0688268008
LTU,Lithuania,YR2010,1.31921362055463,16.8592678710756,13.9693470001221,73.2682926829268,20093.3453948576
LVA,Latvia,YR2010,-1.08463595015162,19.0516962093058,13.4196310043335,73.4829268292683,17703.9136026456
KAZ,Kazakhstan,YR2010,7.40046356742125,24.3273473647221,16.9313163757324,68.45,19227.1844016305
ITA,Italy,YR2010,1.52551602118248,20.0242242282747,8.70691394805908,82.0365853658537,35152.3946399126
IRL,Ireland,YR2010,-0.92209582902454,17.5770583522352,7.12444400787354,80.7439024390244,43202.9556944365
ISL,Iceland,YR2010,5.39673113167477,14.0825462124095,14.687912940979,81.8975609756097,39768.4169599139
HUN,Hungary,YR2010,4.85555795691956,20.0694609256007,11.2314052581787,74.2073170731707,21738.8965943079
GRC,Greece,YR2010,4.71298907760388,16.5592658672075,7.8240270614624,80.3878048780488,27908.2959239453
DEU,Germany,YR2010,1.1038103778926,19.5425050694119,9.11344146728516,79.9878048780488,38945.9217348604
GEO,Georgia,YR2010,7.11017897486099,18.9193276386699,8.99547100067139,72.128,7567.66412576382
FRA,France,YR2010,1.53112270420926,22.1054193151969,9.92166805267334,81.6634146341463,35894.9921081735
FIN,Finland,YR2010,1.18413523154646,22.2963384234332,12.1376848220825,79.8707317073171,38949.7244997518
EST,Estonia,YR2010,2.97204512015694,21.2342183620859,16.1728553771973,75.4292682926829,21615.7400462342
DNK,Denmark,YR2010,2.31092436974789,18.1136889786562,12.583722114563,79.1,42995.6175669409
CZE,Czechia,YR2010,1.47272727272722,27.1488177676709,10.585657119751,77.4243902439025,27877.1437357602
CYP,Cyprus,YR2010,2.43004084102254,22.4521887561519,15.5240621566772,79.665,33417.7578125
HRV,Croatia,YR2010,1.03055505333574,20.8752024905299,10.8336887359619,76.4756097560976,20088.0434492854
BGR,Bulgaria,YR2010,2.43899060504113,22.1822267262167,9.88965129852295,73.5121951219512,14955.8951303858
BEL,Belgium,YR2010,2.18929920422457,22.1230869298103,11.2154445648193,80.1829268292683,39833.1840540415
AUT,Austria,YR2010,1.81353438995062,21.5967237748965,9.69365501403809,80.5804878048781,42002.1571364403
ALB,Albania,YR2010,3.62604695579816,28.4284718608957,11.4857339859009,77.936,9627.07697313628
GBR,United Kingdom,YR2011,3.8561124468282,15.7116306485664,12.7290105819702,80.9512195121951,37224.3787645256
UKR,Ukraine,YR2011,7.95572466274652,18.3513220642495,14.6379528045654,70.8092682926829,9246.76953125
TUR,Turkiye,YR2011,6.471879671151,27.7440476695124,11.3725204467773,74.941,19590.9510387254
CHE,Switzerland,YR2011,0.2313492076509,25.5188489817761,15.3431043624878,82.6951219512195,57493.5810559211
SWE,Sweden,YR2011,2.9611507382214,22.8939846911335,12.7232084274292,81.8024390243903,44608.5802614915
ESP,Spain,YR2011,3.1961018883379,20.0217529656512,9.69765377044678,82.4756097560976,31867.9732396862
SVN,Slovenia,YR2011,1.8028517194191,19.9444236500335,12.5648069381714,79.9707317073171,28931.383323805
SVK,Slovak Republic,YR2011,3.9192859914629,23.1753359847567,10.3220014572144,75.9585365853659,26258.8286328192
SRB,Serbia,YR2011,11.1373976342129,17.5072183210398,10.1795701980591,74.5365853658537,13746.884823093
RUS,Russian Federation,YR2011,8.4404648593256,21.3216555211764,9.63115692138672,69.6839024390244,22798.673828125
ROU,Romania,YR2011,5.7892532881588,26.8261605478035,10.3093748092651,74.409756097561,18802.8619327657
PRT,Portugal,YR2011,3.65301100430724,18.4202528742093,12.2480764389038,80.4707317073171,26769.5118850004
POL,Poland,YR2011,4.2394014962594,20.4930868842931,12.3105039596558,76.6951219512195,22658.3773208623
NOR,Norway,YR2011,1.28495158809152,21.3819281554801,11.3563146591187,81.2951219512195,62460.0908157002
NLD,Netherlands,YR2011,2.34107017751373,20.137339530936,11.6830587387085,81.2048780487805,46599.02103045
MDA,Moldova,YR2011,7.6872510335618,23.1620459782063,21.4006881713867,69.192,6832.94156502961
MLT,Malta,YR2011,2.9629852819288,18.1621555668023,13.4512243270874,80.7463414634146,28973.1666967941
LUX,Luxembourg,YR2011,3.41068341068342,19.213253764947,12.073920249939,80.9878048780488,94475.0302265023
LTU,Lithuania,YR2011,4.13027562645085,18.4598843675776,13.1314840316772,73.5634146341464,22884.8755910695
LVA,Latvia,YR2011,4.3707355993922,22.9996043279039,14.2099361419678,73.5756097560976,19248.4580124625
KAZ,Kazakhstan,YR2011,8.4248876191979,21.4647023620078,18.1045742034912,68.69,20779.4442514491
ITA,Italy,YR2011,2.78063272879323,19.7138715145081,8.25843811035156,82.1878048780488,36598.0149693024
IRL,Ireland,YR2011,2.5571888318692,16.6897375295747,11.1878843307495,80.7463414634146,45116.9884078781
ISL,Iceland,YR2011,4.0010266434312,15.3675300643141,14.0724515914917,82.3585365853659,40936.867830513
HUN,Hungary,YR2011,3.9299209893507,19.5372960076462,10.2943744659424,74.8585365853659,23029.4471782091
GRC,Greece,YR2011,3.3298532335065,13.676151054553,8.20070362091064,80.7317073170732,25671.5160853562
DEU,Germany,YR2011,2.07517283735874,20.3708475029329,9.51164531707764,80.4365853658537,42541.5310884096
GEO,Georgia,YR2011,8.5429333333333,20.3138307684458,9.26516628265381,72.39,8360.29720703065
FRA,France,YR2011,2.11159795174994,22.4238705499354,9.73781490325928,82.1146341463415,37439.2331426991
FIN,Finland,YR2011,3.41680754255211,22.6163900645461,11.9793186187744,80.4707317073171,40916.8385790274
EST,Estonia,YR2011,4.9819013145361,26.4577338142438,16.2565689086914,76.2292682926829,24557.2361475947
DNK,Denmark,YR2011,2.7586822605125,18.1582284399495,12.0839557647705,79.8,44403.3848413929
CZE,Czechia,YR2011,1.9172191363555,26.7548641503888,10.6301145553589,77.8731707317073,29001.3680365492
CYP,Cyprus,YR2011,3.28944939564213,19.0363011564946,14.8708009719849,79.999,33313.4765625
HRV,Croatia,YR2011,2.2727272727273,19.8687531990383,10.4674768447876,76.7756097560976,21139.9671117447
BGR,Bulgaria,YR2011,4.21990346601873,20.8392514705093,9.98612213134766,74.1634146341463,15747.3923747037
BEL,Belgium,YR2011,3.53208210722742,23.0103748246525,11.2295703887939,80.5853658536585,40942.372710454
AUT,Austria,YR2011,3.2865791487538,22.4717154486786,9.80349922180176,80.9829268292683,44452.7327457999
ALB,Albania,YR2011,3.42912324722163,29.3662326698569,11.1068429946899,78.092,10207.7247723504
GBR,United Kingdom,YR2012,2.5732347965453,15.7563538861479,12.2744722366333,80.9048780487805,38343.0869033484
UKR,Ukraine,YR2012,0.568727971803862,19.4035210842878,14.9290056228638,70.9441463414634,9681.5224609375
TUR,Turkiye,YR2012,8.89156996512163,27.0584142508651,12.1358814239502,75.678,20627.4920606022
CHE,Switzerland,YR2012,-0.692552018105253,26.2689032426508,15.3788661956787,82.6975609756098,59440.9158607666
SWE,Sweden,YR2012,0.888377506923638,22.7235227830726,12.6309471130371,81.7048780487805,45432.4319692761
ESP,Spain,YR2012,2.44612782366809,18.5275200173794,8.55840301513672,82.4268292682927,31720.2738156972
SVN,Slovenia,YR2012,2.59741386039003,19.0317166406387,12.9351224899292,80.1243902439024,29042.8202729641
SVK,Slovak Republic,YR2012,3.6061026352289,20.3685136972936,9.77054595947266,76.109756097561,26994.0577496344
RUS,Russian Federation,YR2012,5.0747430079914,21.5611849041311,9.50432300567627,70.0721951219512,24303.47265625
ROU,Romania,YR2012,3.33492267693442,27.0068973376576,7.88751125335693,74.4121951219512,19809.1466866608
PRT,Portugal,YR2012,2.77333854051586,15.8242199472287,11.0157775878906,80.3731707317073,26438.0163019973
POL,Poland,YR2012,3.56037151702783,19.5822138610153,12.4844741821289,76.7463414634146,23589.1475743289
NOR,Norway,YR2012,0.696864111498362,22.3052199034421,11.2804746627808,81.4512195121951,65774.3520746224
NLD,Netherlands,YR2012,2.45554765291604,18.7613137590625,11.7369089126587,81.1048780487805,47272.1030187972
MDA,Moldova,YR2012,4.54633427355302,23.6339113929057,20.8434753417969,69.143,7254.66249032313
MLT,Malta,YR2012,2.37582057760386,17.6059971470994,13.3912057876587,80.7463414634146,30243.8112734791
LUX,Luxembourg,YR2012,2.66284165508021,19.1775316113029,12.1642942428589,81.3926829268293,96636.426643956
LTU,Lithuania,YR2012,3.08998277055417,17.3241686968124,14.9880838394165,73.8634146341464,24703.7403952162
LVA,Latvia,YR2012,2.25778924374595,26.0257324526425,14.7431201934814,73.7780487804878,21290.5016471166
KAZ,Kazakhstan,YR2012,5.09791484975817,22.8031563737231,19.2528705596924,69.52,22021.2814880974
ITA,Italy,YR2012,3.04136333226775,18.3090594460448,8.01842975616455,82.2390243902439,36486.2967870302
IRL,Ireland,YR2012,1.69620897294548,19.622765247136,11.9318771362305,80.8463414634146,46283.7289661063
ISL,Iceland,YR2012,5.18589988750698,15.9829182811949,14.5596466064453,82.9170731707317,42004.4476110597
HUN,Hungary,YR2012,5.65214517088646,19.1496970803263,9.5221004486084,75.0634146341463,23267.448392909
GRC,Greece,YR2012,1.50152696177758,11.5296303596724,8.08769798278809,80.6341463414634,24911.119631324
DEU,Germany,YR2012,2.00848884782956,20.3210930641713,9.51723003387451,80.5390243902439,43359.6148271723
GEO,Georgia,YR2012,-0.943658853270964,22.1149361119171,9.82021331787109,72.412,9818.48046574915
FRA,France,YR2012,1.9541953161351,22.4581147872179,9.61224365234375,81.9682926829268,37677.7267932587
FIN,Finland,YR2012,2.80833622561574,23.0778413923805,11.5580825805664,80.6268292682927,40873.0953326066
EST,Estonia,YR2012,3.93339987296985,28.7100814760233,15.6193103790283,76.3268292682927,25996.0467779508
DNK,Denmark,YR2012,2.3979148566464,18.7777009367082,12.0301713943481,80.0512195121951,44803.9682421214
CZE,Czechia,YR2012,3.28762306610411,26.1553684696565,10.1663341522217,78.0756097560976,29254.7312685144
CYP,Cyprus,YR2012,2.38905410042278,15.5052238909998,14.0066299438477,80.109,31834.5078125
HRV,Croatia,YR2012,3.41207349081358,19.271594986579,10.8154163360596,76.9243902439024,21509.8915802731
BGR,Bulgaria,YR2012,2.95456829831022,21.1224402920965,9.66042137145996,74.3146341463415,16327.249316632
BEL,Belgium,YR2012,2.83966343445899,22.9618874566356,11.0699214935303,80.3853658536585,42290.7620520019
BLR,Belarus,YR2012,59.2197360232518,33.4161102099333,13.0864067077637,71.9658536585366,18114.7508606708
AUT,Austria,YR2012,2.48567562177015,22.649292785658,9.77025699615479,80.9365853658537,46457.3457770311
ALB,Albania,YR2012,2.03159268395301,26.4886769391909,11.6269950866699,78.064,10526.2388106069
GBR,United Kingdom,YR2013,2.29166666666659,15.967790919415,12.1287822723389,81.0048780487805,39954.2191450769
UKR,Ukraine,YR2013,-0.238948626045407,17.3158498598174,15.1411771774292,71.159512195122,11056.5419921875
TUR,Turkiye,YR2013,7.49309030547693,28.3464820187611,10.9222631454468,76.297,22373.2465583744
CHE,Switzerland,YR2013,-0.217323155115693,26.2276028874151,15.0640153884888,82.7975609756098,61656.4661708516
SWE,Sweden,YR2013,-0.0442929701485858,22.4454837991551,12.5420961380005,81.9560975609756,46312.3923824667
ESP,Spain,YR2013,1.40858109183019,17.364945031582,8.97512054443359,83.0780487804878,32444.4611896857
SVN,Slovenia,YR2013,1.76920085881907,19.633594722471,10.6639356613159,80.3219512195122,29973.6993541529
SVK,Slovak Republic,YR2013,1.40047368963025,20.4641514783853,9.71387577056885,76.4121951219512,28019.0588412978
RUS,Russian Federation,YR2013,6.75371026220899,21.9401882834583,10.0020542144775,70.5787804878049,26073.875
ROU,Romania,YR2013,3.9847123554813,24.4261228059592,7.8434419631958,75.0634146341463,19677.1612550093
PRT,Portugal,YR2013,0.274416666666663,14.7515838386783,10.9740028381348,80.7219512195122,27936.0396644563
POL,Poland,YR2013,0.991982606332428,18.9722757627325,12.3380889892578,77.0,24319.8802935066
NOR,Norway,YR2013,2.12048620353112,23.4320551008224,11.0502948760986,81.7512195121951,67377.9262258772
NLD,Netherlands,YR2013,2.50689852657885,18.3563651559588,11.5621957778931,81.3048780487805,49241.5178406305
MDA,Moldova,YR2013,4.59787897363127,23.0338604258084,18.2398204803467,69.099,8232.5238047368
MLT,Malta,YR2013,1.1802843636655,16.5238726172369,13.6162357330322,81.7463414634146,32295.8478268844
LUX,Luxembourg,YR2013,1.73403963519162,18.4542729429366,11.3798866271973,81.8,100925.011992241
LTU,Lithuania,YR2013,1.04747937065344,18.4216939371438,14.7460718154907,73.9146341463415,26721.7002165919
LVA,Latvia,YR2013,-0.0294547782579216,24.2765465398275,14.9403123855591,73.9829268292683,22639.1590264447
KAZ,Kazakhstan,YR2013,5.84640917320463,21.8821878595818,17.9606075286865,70.62,24480.5409878731
ITA,Italy,YR2013,1.21999342274306,17.2045869688649,8.0210485458374,82.690243902439,36314.6971007775
IRL,Ireland,YR2013,0.508714869485475,18.6153204573393,11.8800659179688,80.9487804878049,47797.1496727706
ISL,Iceland,YR2013,3.87227923748249,15.6019913704607,15.5000915527344,82.0609756097561,44409.6689530904
HUN,Hungary,YR2013,1.73319984983101,20.7961589756003,9.41478633880615,75.5658536585366,24547.9805346257
GRC,Greece,YR2013,-0.921269454256994,11.196880462884,7.16932964324951,81.2853658536585,25986.6503155014
DEU,Germany,YR2013,1.50472330251876,19.9014708236257,9.7097110748291,80.490243902439,44993.8927459315
GEO,Georgia,YR2013,-0.512058410947092,18.7894981656414,12.0112237930298,72.628,10595.4248369854
FRA,France,YR2013,0.863715497861805,22.0418677784553,9.59853649139404,82.219512195122,39521.6969847538
FIN,Finland,YR2013,1.4782861568881,22.0080167970987,11.2070598602295,80.9756097560976,41493.1416470359
EST,Estonia,YR2013,2.78056658954988,27.9003133873244,15.3818626403809,77.1414634146341,27464.5186781161
DNK,Denmark,YR2013,0.789071780078062,19.0523918003991,12.3308391571045,80.3,46726.8541437832
CZE,Czechia,YR2013,1.4382978723404,25.3598824566218,10.6200428009033,78.1756097560976,30818.1081558477
CYP,Cyprus,YR2013,-0.399357676464049,14.1150800665542,14.7843351364136,80.402,30375.125
HRV,Croatia,YR2013,2.21658206429779,19.3355619835866,10.5198698043823,77.1268292682927,22182.4605168977
BGR,Bulgaria,YR2013,0.890093540913002,21.1825324278602,9.75960445404053,74.8609756097561,16649.3726338943
BEL,Belgium,YR2013,1.1130959402754,22.1730044797394,11.3517208099365,80.5878048780488,43671.11959259
AUT,Austria,YR2013,2.00015616900597,23.0401975609289,9.73365116119385,81.1365853658537,47922.0491207455
ALB,Albania,YR2013,1.93762080205229,26.0795576173676,11.5800323486328,78.123,10570.9731581409
GBR,United Kingdom,YR2014,1.45112016293279,16.5723318052911,12.3615922927856,81.3048780487805,41278.1275079919
UKR,Ukraine,YR2014,12.0718562874251,14.1360438334756,14.0882720947266,71.1865853658537,10664.6240234375
TUR,Turkiye,YR2014,8.85457271364324,28.7457316386943,11.8140830993652,76.565,24105.0237978098
CHE,Switzerland,YR2014,-0.0132025387514939,26.4181898920957,15.2539520263672,83.1975609756098,63417.0437157565
SWE,Sweden,YR2014,-0.179638494114635,23.2284677401177,12.8345699310303,82.2536585365854,47184.6691338182
ESP,Spain,YR2014,-0.151114837527235,17.7719909200781,9.17328262329102,83.2292682926829,33540.3571743561
SVN,Slovenia,YR2014,0.19934382657075,19.1075788007384,11.7385368347168,81.0780487804878,30870.0236667425
SVK,Slovak Republic,YR2014,-0.0761653295419871,20.4774821201164,9.33177375793457,76.8121951219512,29029.0782261812
RUS,Russian Federation,YR2014,7.82341183865533,21.4171833480957,9.16541385650635,70.7436585365854,25761.6484375
ROU,Romania,YR2014,1.06830987684298,24.363066180837,8.42980480194092,74.909756097561,20632.221267435
PRT,Portugal,YR2014,-0.278153367467428,15.031595598848,10.2731599807739,81.1219512195122,28742.4403783509
POL,Poland,YR2014,0.0538213132399802,20.1272880805762,12.3902273178101,77.6024390243903,25316.3315445949
NOR,Norway,YR2014,2.04170286707211,23.7087320543897,11.0784196853638,82.1,66332.4614374198
NLD,Netherlands,YR2014,0.976035079699679,17.5915778188099,11.7969799041748,81.7073170731707,49233.2153954401
MDA,Moldova,YR2014,5.08878554625878,25.9895514253881,17.5889492034912,69.031,8643.06431435343
MLT,Malta,YR2014,0.310306472181665,16.6598172575528,13.327073097229,82.0463414634146,34344.1002327532
LUX,Luxembourg,YR2014,0.628543985440717,19.1517354973098,11.3736276626587,82.2292682926829,105296.284588232
LTU,Lithuania,YR2014,0.103758009433709,18.8699907447275,14.5009775161743,74.5170731707317,28184.2813023168
LVA,Latvia,YR2014,0.620490636732421,22.796512897213,15.1853151321411,74.1243902439024,23815.6086023522
KGZ,Kyrgyz Republic,YR2014,7.53424729775883,32.491028066305,18.2590274810791,70.4024390243902,4279.16679979308
KAZ,Kazakhstan,YR2014,6.70657829092725,21.5559106762948,17.3248329162598,71.44,24689.8155192184
ITA,Italy,YR2014,0.241047429826756,16.7221680938053,7.94235134124756,83.090243902439,36194.873918843
IRL,Ireland,YR2014,0.182542316627901,20.5948992365453,12.1197938919067,81.3487804878049,51238.8003290093
ISL,Iceland,YR2014,2.04461481539333,17.158264022527,15.1298274993896,82.8609756097561,45996.9687476901
HUN,Hungary,YR2014,-0.227566270988219,22.0098079217717,10.3912000656128,75.7634146341463,25691.5272556351
GRC,Greece,YR2014,-1.31226096405506,10.8342851340746,8.53313446044922,81.3853658536585,26625.0618096799
DEU,Germany,YR2014,0.906794000434246,20.0402742337135,9.74810409545898,81.090243902439,47011.5510935131
GEO,Georgia,YR2014,3.06881210379543,21.8545174142141,12.5074939727783,73.099,11548.8063074476
FRA,France,YR2014,0.50775882293799,21.8196872681433,9.59419918060303,82.719512195122,40144.0268283679
FIN,Finland,YR2014,1.04119621178439,21.4720368105869,11.0744342803955,81.1804878048781,41757.4021894413
EST,Estonia,YR2014,-0.10617514652171,25.743933652783,14.616979598999,77.0341463414634,28945.4653303277
DNK,Denmark,YR2014,0.56402054044954,19.1636561177251,12.9065752029419,80.7,47901.4473627066
CZE,Czechia,YR2014,0.343988589646794,25.4036227445288,10.6447257995605,78.8243902439024,32502.4753540118
CYP,Cyprus,YR2014,-1.35498885446296,13.34452963458,11.3143348693848,80.771,30080.26953125
HRV,Croatia,YR2014,-0.215196159576268,18.9557051963194,10.6503143310547,77.4780487804878,22409.2640184121
BGR,Bulgaria,YR2014,-1.4181838026484,21.060857904973,9.427565574646,74.4658536585366,17616.3879467033
BEL,Belgium,YR2014,0.340002833356922,22.8058430290769,11.3424959182739,81.2878048780488,44929.685593416
BLR,Belarus,YR2014,18.1195543526735,33.2245374104916,13.520544052124,72.9707317073171,19037.8209530599
AUT,Austria,YR2014,1.60581182954474,22.6605524717731,9.42200183868408,81.490243902439,48799.7154676985
ALB,Albania,YR2014,1.6258650440261,24.1586735516607,10.9884605407715,78.407,11259.3036811774
GBR,United Kingdom,YR2015,0.36804684232536,17.3744593522088,12.2949190139771,80.9560975609756,42496.8542909218
UKR,Ukraine,YR2015,48.6998646434424,13.5487069936597,13.4800882339478,71.189512195122,10064.8427734375
TUR,Turkiye,YR2015,7.67085364845877,29.5545663944426,11.8485431671143,76.646,25855.7653558275
CHE,Switzerland,YR2015,-1.14390867228183,26.4112041073284,15.384970664978,82.8975609756098,65265.04573356
SWE,Sweden,YR2015,-0.0467847449832812,23.7534356538128,13.0132026672363,82.2048780487805,49103.1334338706
ESP,Spain,YR2015,-0.500365709903242,18.0060699828957,9.41445732116699,82.8317073170732,34919.3872520672
SVN,Slovenia,YR2015,-0.525552285820877,18.6545903018536,11.4590120315552,80.7756097560976,31628.247175832
SVK,Slovak Republic,YR2015,-0.325219777427673,23.6764666092105,9.12630558013916,76.5634146341463,30054.1218355571
RUS,Russian Federation,YR2015,15.5344050528405,20.6115488028269,2.19599723815918,71.1834146341463,24085.32421875
ROU,Romania,YR2015,-0.594156437495203,24.9478628395512,8.50127220153809,74.9121951219512,21624.3679248962
PRT,Portugal,YR2015,0.48793862390472,15.5172193039019,10.5435152053833,81.1243902439025,29660.8960672526
POL,Poland,YR2015,-0.87412587412577,20.4194563048278,12.6554670333862,77.4512195121951,26822.6642478406
NOR,Norway,YR2015,2.17113665389527,23.6895734211067,11.0946817398071,82.3048780487805,60737.8868132779
NLD,Netherlands,YR2015,0.600248147278776,22.1059755828918,11.8186254501343,81.509756097561,50288.5913949377
MDA,Moldova,YR2015,9.67624033101859,24.028054718844,18.1821689605713,69.24,9197.61838204272
MLT,Malta,YR2015,1.10054826378929,24.1996422296144,13.229621887207,81.8975609756097,37454.9357291627
LUX,Luxembourg,YR2015,0.474743161437779,17.3094554675767,11.2310438156128,82.2926829268293,107859.685999308
LTU,Lithuania,YR2015,-0.884097405500596,19.6111664588516,14.4306173324585,74.3219512195122,28834.5570242411
LVA,Latvia,YR2015,0.174242243625186,21.863012585887,15.2136878967285,74.4804878048781,24972.8362766881
KGZ,Kyrgyz Republic,YR2015,6.50331838993384,32.5880033283049,19.0759449005127,70.6512195121951,4211.34227261594
KAZ,Kazakhstan,YR2015,6.66577611541549,22.8815209624498,16.8194580078125,71.97,23178.2224017078
ITA,Italy,YR2015,0.0387903996579733,16.9354670146283,7.94384479522705,82.5439024390244,36899.3852092463
IRL,Ireland,YR2015,-0.289879079012766,24.0468417911836,11.9181032180786,81.4536585365854,69214.4219991568
ISL,Iceland,YR2015,1.63305558181326,19.3330248107769,15.6150579452515,82.4682926829268,49201.0640964553
HUN,Hungary,YR2015,-0.0616446800641672,22.1722087035477,10.3242197036743,75.5682926829269,26798.8541676269
GRC,Greece,YR2015,-1.73588804765284,10.7700399474708,7.68333673477173,81.0365853658537,26760.3633030256
DEU,Germany,YR2015,0.514426137125456,20.0198269765843,9.63814353942871,80.6414634146341,47609.7810045816
GEO,Georgia,YR2015,4.00357820695097,24.3521438043318,14.1098947525024,73.297,12051.9471730157
FRA,France,YR2015,0.0375143805125182,21.4992776669917,9.59043502807617,82.3219512195122,40849.9973780501
FIN,Finland,YR2015,-0.207928839905268,21.2299832059985,10.972207069397,81.4804878048781,42497.7049785783
EST,Estonia,YR2015,-0.49232600654737,24.4941851148751,14.9788484573364,77.590243902439,29175.9259267894
DNK,Denmark,YR2015,0.452034153691575,19.8506293658923,12.8566246032715,80.7024390243902,49045.3391904109
CZE,Czechia,YR2015,0.309364548494975,26.5380472687854,10.4988613128662,78.5780487804878,33899.2865661657
CYP,Cyprus,YR2015,-2.09699769053129,12.8762037533188,13.863242149353,80.966,31815.0703125
HRV,Croatia,YR2015,-0.464499004644911,19.2264626980566,10.4640331268311,77.2756097560976,23391.1011523166
BGR,Bulgaria,YR2015,-0.104633261008385,20.8597788137386,9.69010066986084,74.6146341463415,18385.9803612081
BEL,Belgium,YR2015,0.561429152790065,22.9634217691613,11.7361478805542,80.9926829268293,46200.904454307
BLR,Belarus,YR2015,13.5344897649735,28.6542097653209,13.0505609512329,73.6243902439025,18133.5696288889
AUT,Austria,YR2015,0.89656333526032,22.6967074577069,9.65059852600098,81.190243902439,49865.9039424185
ALB,Albania,YR2015,1.89617402592365,24.4134902778833,10.4410238265991,78.644,11658.8307104915
GBR,United Kingdom,YR2016,1.0084173681141,17.9048977101843,12.2454032897949,81.1560975609756,44082.1164678494
UKR,Ukraine,YR2016,13.9127101997797,15.4563637377393,13.4315843582153,71.4763414634146,11011.970703125
TUR,Turkiye,YR2016,7.7751341532833,29.1082333520007,11.4074268341064,76.66,26695.915689876
CHE,Switzerland,YR2016,-0.434618664285835,26.4998168152161,15.3578214645386,83.6024390243903,67350.7518747757
SWE,Sweden,YR2016,0.984269244577992,24.2105208321301,13.3330450057983,82.3073170731707,50430.2528196052
ESP,Spain,YR2016,-0.202598000426452,17.9508623319754,9.66042995452881,83.3292682926829,37305.6291510563
SVN,Slovenia,YR2016,-0.054999541670474,17.379119470145,11.9989252090454,81.1756097560976,33936.0440637175
SVK,Slovak Republic,YR2016,-0.520010196278266,21.0315087281459,9.05462169647217,77.1658536585366,29737.5708042482
SRB,Serbia,YR2016,1.12231397417769,17.0597209009627,8.69299030303955,75.6878048780488,15858.0120583781
RUS,Russian Federation,YR2016,7.04244762954774,21.8812816748252,9.59414482116699,71.6512195121951,24128.0859375
ROU,Romania,YR2016,-1.54479666813897,23.1140020347914,9.59609127044678,75.209756097561,23904.6619488314
PRT,Portugal,YR2016,0.607397074641719,15.4932657420088,10.6469306945801,81.1243902439025,31607.7542431733
POL,Poland,YR2016,-0.664767331433961,18.4701638512739,12.0719213485718,77.8512195121951,28165.8365529133
NOR,Norway,YR2016,3.54999999999998,25.0585118588206,10.9676599502563,82.4073170731707,59280.1992028829
NLD,Netherlands,YR2016,0.316666666666743,20.0010729356225,12.0879125595093,81.5609756097561,52288.4150841353
MDA,Moldova,YR2016,6.35930898037939,22.2296027518614,17.6604232788086,69.917,10325.8404896126
MLT,Malta,YR2016,0.642702771527304,22.6830534687526,14.1111106872559,82.4536585365854,39705.7006275885
LUX,Luxembourg,YR2016,0.290833333333317,17.28483889537,11.1684913635254,82.6853658536585,113365.176082265
LTU,Lithuania,YR2016,0.905525075460342,19.857694532318,13.9628229141235,74.6707317073171,30925.2413840761
LVA,Latvia,YR2016,0.140633334505327,19.3080148280791,14.7979717254639,74.580487804878,26721.8364985868
KGZ,Kyrgyz Republic,YR2016,0.388838296895868,31.7947260225658,20.6698703765869,70.9512195121951,4676.33388651462
KAZ,Kazakhstan,YR2016,14.5460237946149,22.7192642717924,19.6017456054688,72.41,23760.0010028981
ITA,Italy,YR2016,-0.09401665691575,17.1709969673074,7.86237335205078,83.2439024390244,39926.9546628592
ISL,Iceland,YR2016,1.69692761997751,20.9356602022466,14.3981485366821,82.2048780487805,53480.3971946764
HUN,Hungary,YR2016,0.394769306686392,19.4948024211895,10.6055021286011,76.0634146341464,27941.9268571832
GRC,Greece,YR2016,-0.825653978390973,11.0081393203633,8.05513381958008,81.3878048780488,27511.8010160972
DEU,Germany,YR2016,0.491747008445174,20.2983022515424,9.4778299331665,80.990243902439,50579.6839299266
GEO,Georgia,YR2016,2.13492713939121,26.522770398482,15.0103225708008,73.569,12809.0137998803
FRA,France,YR2016,0.18333486112386,21.8153920386871,9.54159355163574,82.5731707317073,42924.613626021
FIN,Finland,YR2016,0.356684500891695,22.7447843396868,10.876088142395,81.4292682926829,44934.4482077785
EST,Estonia,YR2016,0.148684907627373,24.4305084948393,14.3647565841675,77.6414634146342,31312.7522996878
DNK,Denmark,YR2016,0.250000000000031,21.0247728999034,12.9486169815063,80.8536585365854,51976.0057060956
CZE,Czechia,YR2016,0.683504209385703,24.9426449272265,9.93392562866211,79.0268292682927,36097.7052556977
CYP,Cyprus,YR2016,-1.42916666666665,18.1151535130121,14.6343183517456,81.056,35718.98046875
HRV,Croatia,YR2016,-1.12500000000002,19.705954610924,10.5424289703369,78.0219512195122,25318.9781462309
BGR,Bulgaria,YR2016,-0.79864988645371,18.4104638518114,9.763916015625,74.8121951219512,20065.6187121395
BEL,Belgium,YR2016,1.97385264653181,23.2777544361549,11.6954307556152,81.4390243902439,48597.3999826201
BLR,Belarus,YR2016,11.8365807653496,25.4399730381573,13.5779962539673,73.8268292682927,17832.4778855815
AUT,Austria,YR2016,0.891591752655362,23.0962874287331,9.77871322631836,81.6414634146342,52684.0171130768
ALB,Albania,YR2016,1.2754316836741,24.3679312234674,10.8297872543335,78.86,12078.7842635213
GBR,United Kingdom,YR2017,2.55775577557747,18.2480328761545,12.2813653945923,81.2560975609756,46048.2000506645
UKR,Ukraine,YR2017,14.4383227488749,15.7762894271386,14.3961448669434,71.7809756097561,11686.857421875
TUR,Turkiye,YR2017,11.1443110840765,29.8571449844017,10.8092060089111,77.141,28193.1744851997
CHE,Switzerland,YR2017,0.533787839825897,27.1488889494665,15.359375,83.5512195121951,68193.5054944094
SWE,Sweden,YR2017,1.79449904665589,25.1364837125472,13.6095180511475,82.409756097561,51947.9542478244
ESP,Spain,YR2017,1.95607633363963,18.6609456237118,9.75414752960205,83.2829268292683,39550.1890761123
SVN,Slovenia,YR2017,1.42910743319306,18.320373611247,12.3341503143311,81.0292682926829,36507.5530416531
SVK,Slovak Republic,YR2017,1.31194588223228,21.1047430717302,9.8207836151123,77.1658536585366,30142.3674521189
SRB,Serbia,YR2017,3.13106248590115,17.7367847628023,9.25646018981934,75.5390243902439,16611.0176891945
RUS,Russian Federation,YR2017,3.68332944412253,21.9821391240723,9.50124835968018,72.4514634146342,25926.443359375
ROU,Romania,YR2017,1.3390212110439,22.8260219908018,8.50618743896484,75.209756097561,26943.2773708443
PRT,Portugal,YR2017,1.36861411643472,16.7839761535773,10.1069326400757,81.4243902439025,33044.7167387479
POL,Poland,YR2017,2.0759355367385,17.5698534492237,11.8687410354614,77.7536585365854,29958.1207092074
NOR,Norway,YR2017,1.87510059552554,24.3563320185983,11.0532388687134,82.609756097561,64589.5559196863
NLD,Netherlands,YR2017,1.38145871407206,20.1410019156102,12.0739765167236,81.7609756097561,55088.6338006744
MDA,Moldova,YR2017,6.57022997455597,22.4256047290186,17.756555557251,70.516,11252.1135465283
MLT,Malta,YR2017,1.36435448150708,19.912502335285,13.5023994445801,82.3463414634146,43493.4262600589
LUX,Luxembourg,YR2017,1.73079959118887,17.8113229941338,11.0432891845703,82.0951219512195,114985.842235989
LTU,Lithuania,YR2017,3.72288862303707,20.1147915107134,13.6782789230347,75.4804878048781,33761.9475000677
LVA,Latvia,YR2017,2.93036312374666,20.5992580981783,14.9332962036133,74.6292682926829,28673.6225736307
KGZ,Kyrgyz Republic,YR2017,3.17530986379905,31.4657391469581,19.6762943267822,71.2,5040.42958650705
KAZ,Kazakhstan,YR2017,7.4400043732574,21.6975410616293,14.3418827056885,72.95,24789.3013673466
ITA,Italy,YR2017,1.22653316645812,17.4807761497111,7.91769123077393,82.9463414634147,41581.120790548
IRL,Ireland,YR2017,0.340531561461897,33.0435104564907,12.612678527832,82.1560975609756,78168.9677375394
ISL,Iceland,YR2017,1.76041559180597,21.7725010047987,15.8099613189697,82.6609756097561,55638.4920591796
HUN,Hungary,YR2017,2.34824281150154,22.1480046331031,10.8394899368286,75.8170731707317,29496.1636824744
GRC,Greece,YR2017,1.12125452031419,11.7891338745505,8.03267192840576,81.2878048780488,28604.8609402657
DEU,Germany,YR2017,1.50949485109628,20.41148887719,9.48073101043701,80.9926829268293,53071.4555699913
GEO,Georgia,YR2017,6.03531725272117,25.4921298476998,15.1146421432495,73.57,13526.992205093
FRA,France,YR2017,1.03228275064662,22.4956708957959,9.54689502716064,82.5756097560976,44577.0645745394
FIN,Finland,YR2017,0.754015047084346,23.3489909456874,10.5400705337524,81.6317073170732,47570.133583848
EST,Estonia,YR2017,3.41723549488054,25.9182430327184,14.4936990737915,78.0926829268293,33821.93290847
DNK,Denmark,YR2017,1.14713216957602,21.2257099343119,12.7363147735596,81.1024390243903,55356.680780178
CZE,Czechia,YR2017,2.4505339846014,24.9162792963763,10.4360103607178,78.9780487804878,38824.8879170919
CYP,Cyprus,YR2017,0.531766496174467,20.8637606171755,14.4133911132812,81.328,38288.0078125
HRV,Croatia,YR2017,1.12937210282347,19.6105758356831,10.7396984100342,77.8268292682927,27267.3226459382
BGR,Bulgaria,YR2017,2.06159619443141,18.3038127443279,10.1444025039673,74.8146341463415,21457.9019850147
BEL,Belgium,YR2017,2.12597086002607,23.2785028022688,11.9768667221069,81.4926829268293,50442.2705419624
BLR,Belarus,YR2017,6.03183725177785,26.1584143435337,12.978702545166,74.1292682926829,18413.7127377197
AUT,Austria,YR2017,2.08126911385587,23.6285407586874,9.81950569152832,81.6439024390244,54172.9867888254
ALB,Albania,YR2017,1.98666133171199,24.5765033636177,10.5701904296875,79.047,12770.9664236798
GBR,United Kingdom,YR2018,2.29283990345938,17.9957849820471,12.1116199493408,81.2560975609756,47090.4848967293
UKR,Ukraine,YR2018,10.9518559353178,17.6472670015072,14.2296075820923,71.5826829268293,12708.798828125
TUR,Turkiye,YR2018,16.3324638988928,29.7669499671113,10.7427701950073,77.563,28299.3988721682
CHE,Switzerland,YR2018,0.936335464113563,26.6026939426771,15.4628915786743,83.7536585365854,70688.8187491194
SWE,Sweden,YR2018,1.95353530127028,25.1796385730316,13.8210620880127,82.5585365853659,53521.6306428288
ESP,Spain,YR2018,1.6749813686379,19.4371599996345,9.57202339172363,83.4317073170732,40716.6807627631
SVN,Slovenia,YR2018,1.7386086198818,19.3330397906547,12.371244430542,81.3780487804878,38971.8241162221
SVK,Slovak Republic,YR2018,2.51403712883812,20.9039289847699,9.88332748413086,77.2658536585366,31369.7988265901
SRB,Serbia,YR2018,1.95984076293801,20.0409577719174,8.80428028106689,75.890243902439,17717.9295924342
RUS,Russian Federation,YR2018,2.87829723647867,20.6544857247667,10.0498723983765,72.6621951219512,28821.26171875
ROU,Romania,YR2018,4.62548443137779,21.3856275309976,9.09863567352295,75.3585365853659,29568.1066915411
PRT,Portugal,YR2018,0.993715683468326,17.5225272302257,10.2643232345581,81.3243902439024,34928.5435337746
POL,Poland,YR2018,1.81295156542679,18.7352868978503,12.027419090271,77.6024390243903,32027.6027335558
NOR,Norway,YR2018,2.76483134528788,23.7742134177864,11.0503911972046,82.7585365853659,70253.8463693384
NLD,Netherlands,YR2018,1.7034979474447,20.4257952652952,11.9594812393188,81.8121951219512,57826.6284976675
MDA,Moldova,YR2018,3.04505397337077,23.3442713297151,17.5512390136719,70.492,11868.1955463223
MLT,Malta,YR2018,1.15782362451517,19.3128442287112,13.8488512039185,82.4487804878049,45874.4647953738
LUX,Luxembourg,YR2018,1.5281952430738,16.2034121628118,11.1042575836182,82.2951219512195,116498.512080919
LTU,Lithuania,YR2018,2.69792779208394,20.9400673963478,13.3184099197388,75.6804878048781,36376.5278839032
LVA,Latvia,YR2018,2.53445424186598,22.118241767831,14.8106212615967,74.7829268292683,30877.0419264805
KGZ,Kyrgyz Republic,YR2018,1.54266145238443,31.6504491859295,20.1439247131348,71.4,4869.58849242256
KAZ,Kazakhstan,YR2018,6.0191309657068,21.1768265541377,17.90452003479,73.15,25997.2860859748
ITA,Italy,YR2018,1.13748763600391,17.8461369797931,8.11164093017578,83.3463414634146,43036.2437770367
IRL,Ireland,YR2018,0.488370168032444,28.3950073675175,12.4752531051636,82.2048780487805,84918.3383814459
ISL,Iceland,YR2018,2.68291768267392,21.8372912981632,15.9900131225586,82.8609756097561,57197.7676247173
HUN,Hungary,YR2018,2.85024792594646,24.7309141439856,10.8592433929443,76.0658536585366,31908.863454349
GRC,Greece,YR2018,0.62562141345364,11.1477484259709,8.45666408538818,81.7878048780488,29617.5483399732
DEU,Germany,YR2018,1.73216879766942,21.0652067331263,9.63820171356201,80.8926829268293,55195.8405428372
GEO,Georgia,YR2018,2.61524471397671,25.1476477262026,14.2720069885254,73.341,14765.4600355247
FRA,France,YR2018,1.85081508315503,22.8926343012712,9.56552600860596,82.6756097560976,46537.4740442591
FIN,Finland,YR2018,1.08382098409305,24.075010065878,10.3994731903076,81.7341463414634,49579.3310008278
EST,Estonia,YR2018,3.43632688420446,27.0949186832605,15.8006401062012,78.2439024390244,36410.1220937377
DNK,Denmark,YR2018,0.813609467455631,21.7273015368914,12.6484069824219,80.9536585365854,57482.9623999067
CZE,Czechia,YR2018,2.14949494949493,26.2998864669868,11.2675294876099,79.0292682926829,41143.8270486711
CYP,Cyprus,YR2018,1.43549119531759,18.8356300339274,11.7928562164307,81.382,40559.234375
HRV,Croatia,YR2018,1.50012501041756,20.0145853160564,10.4801244735718,78.0707317073171,28980.4492302311
BGR,Bulgaria,YR2018,2.81454473824829,18.7631660138869,9.54122543334961,74.9634146341464,23005.9250630132
BEL,Belgium,YR2018,2.05316499865186,23.6226738438451,11.8788394927979,81.5951219512195,52530.5620821347
BLR,Belarus,YR2018,4.87230220550692,26.2271092217135,13.2640409469604,74.1756097560976,20026.0306698699
AUT,Austria,YR2018,1.9983798142954,24.0951292623908,9.81190967559814,81.6926829268293,56937.944282984
ALB,Albania,YR2018,2.02805963071136,23.862626974036,10.9706964492798,79.184,13498.157987926
GBR,United Kingdom,YR2019,1.73810460086513,18.193257505525,12.018479347229,81.4048780487805,49911.1566522003
UKR,Ukraine,YR2019,7.88671745611133,17.6158441194027,14.5580997467041,71.8273170731707,14380.861328125
TUR,Turkiye,YR2019,15.1768215720022,25.9776205970156,11.1729640960693,77.832,28461.1790315919
CHE,Switzerland,YR2019,0.362886179940614,26.6222041866252,15.6454629898071,83.9048780487805,73732.2353322093
SWE,Sweden,YR2019,1.78415097403835,24.4097623998959,14.0753192901611,83.109756097561,57229.7767468145
ESP,Spain,YR2019,0.699518994458739,20.0320671080912,9.57694053649902,83.8317073170732,43739.63291058
SVN,Slovenia,YR2019,1.63052260754344,19.5846977789671,12.5714797973633,81.5292682926829,42747.9621118112
SVK,Slovak Republic,YR2019,2.66456133425431,21.4894230243199,10.4709911346436,77.6658536585366,33943.3498787454
SRB,Serbia,YR2019,1.84922984511086,22.4647879959378,8.60459995269775,75.9365853658537,19688.9310436009
RUS,Russian Federation,YR2019,4.47036660760193,20.9023404249496,9.2856969833374,73.0839024390244,31203.384765625
ROU,Romania,YR2019,3.82785432599438,22.9793796659618,10.0880603790283,75.6073170731707,33550.5906649759
PRT,Portugal,YR2019,0.338178410046034,18.1062277801355,10.5292549133301,81.6756097560976,37845.2099689668
POL,Poland,YR2019,2.227478809383,18.9170860112249,11.9878053665161,77.9048780487805,35487.9109958983
NOR,Norway,YR2019,2.16773003305402,26.6268216540907,10.8743686676025,82.9585365853659,70939.6055180362
NLD,Netherlands,YR2019,2.63369910249601,21.2541586977511,11.8349256515503,82.1121951219512,61089.5834206486
MDA,Moldova,YR2019,4.83778351428715,23.3938698713556,18.3722457885742,70.935,13413.2232935126
MLT,Malta,YR2019,1.6420600176894,19.8462379869168,14.0757808685303,82.8585365853659,50291.1078894958
LUX,Luxembourg,YR2019,1.74332075653848,18.0801354392586,11.1825523376465,82.6390243902439,121403.823719046
LTU,Lithuania,YR2019,2.33450937988027,21.5040597101748,13.275951385498,76.2829268292683,40577.8037367455
LVA,Latvia,YR2019,2.81140920075615,22.028855061002,15.0182876586914,75.3878048780488,33294.5077885749
KAZ,Kazakhstan,YR2019,5.24547679608392,23.4674329467477,18.9601745605469,73.18,29767.6280009312
ITA,Italy,YR2019,0.611246943765304,17.9892394088215,8.04736328125,83.4975609756098,46470.0373265754
ISL,Iceland,YR2019,3.01397179156053,20.8505632047847,16.135856628418,83.1634146341463,60523.8179440827
HUN,Hungary,YR2019,3.33858635382008,27.0027069365651,10.1927442550659,76.3195121951219,35152.6036961244
GRC,Greece,YR2019,0.253007522038157,10.6874316604775,8.35541915893555,81.6390243902439,31611.2114428141
DEU,Germany,YR2019,1.44565976888253,21.3161068590229,9.72637844085693,81.2926829268293,58251.7730828469
GEO,Georgia,YR2019,4.85289821696723,24.032946984,14.1419124603271,73.47,16610.4970253279
FRA,France,YR2019,1.10825492288294,23.4774279168128,9.48199844360352,82.8268292682927,51240.0683019805
FIN,Finland,YR2019,1.02409392963431,23.8261804901233,10.5227766036987,81.9829268292683,52569.8000550589
EST,Estonia,YR2019,2.27725931243522,25.4118706380128,15.525013923645,78.6463414634147,39578.0817172929
DNK,Denmark,YR2019,0.75813157251162,21.2408576994106,12.7428998947144,81.4512195121951,60787.4633578269
CZE,Czechia,YR2019,2.8478759591805,27.0676429483356,11.8427038192749,79.2292682926829,44859.8005632951
CYP,Cyprus,YR2019,0.250370996758787,18.9502592927379,13.5074253082275,81.397,44686.71875
HRV,Croatia,YR2019,0.771820346498019,21.2383150604723,10.9761648178101,78.4243902439025,32123.9961324849
BGR,Bulgaria,YR2019,3.10372944796781,18.6167809906919,10.4822626113892,75.1121951219512,25527.2635620283
BEL,Belgium,YR2019,1.43681956996429,24.2834509006297,11.8170013427734,81.9951219512195,56621.5417607532
BLR,Belarus,YR2019,5.59815595039852,27.0344090490752,13.0782632827759,74.2268292682927,22301.5766886376
AUT,Austria,YR2019,1.53089564152644,24.9143925706739,9.88176250457764,81.8951219512195,60574.6271030491
ALB,Albania,YR2019,1.41109078954246,22.3132984158928,11.4001798629761,79.282,14618.3006097429
